{"cameraMode":{"drawMode":0,"name":"Shaded","section":"Shading Mode"},"sceneLighting":true,"audioPlay":false,"sceneViewState":{"m_AlwaysRefresh":false,"showFog":true,"showSkybox":true,"showFlares":true,"showImageEffects":true,"showParticleSystems":true,"showVisualEffectGraphs":true,"m_FxEnabled":true},"in2DMode":false,"pivot":{"x":152.5315399169922,"y":-2.3684802055358888,"z":149.98670959472657},"rotation":{"x":0.2990769147872925,"y":-0.42067137360572817,"z":0.14932595193386079,"w":0.8435001373291016},"size":18.434846878051759,"orthographic":false}